user_id,amount,category
57808,1399.36,groceries
96760,67294.92,travel
16223,1998.92,apparel
83417,2327.27,dining
58525,230.25,recharge
75119,386.93,fuel
18689,1214.72,electronics
88217,25795.67,apparel
11027,1081.99,apparel
91611,554.22,dining
69201,2216.13,fuel
40373,2043.12,apparel
10639,1156.12,travel
64985,2702.12,groceries
17869,1594.01,apparel
64792,551.46,electronics
79582,27172.99,recharge
34056,509.23,groceries
31484,2214.45,recharge
29975,1053.7,recharge
30235,945.87,recharge
20251,636.04,apparel
32472,2916.19,travel
69337,969.11,apparel
37226,778.48,apparel
80281,827.4,travel
83735,1678.82,recharge
78485,1469.03,recharge
58557,1525.67,electronics
38464,1547.9,apparel
93689,-819.43,groceries
28473,792.24,electronics
51805,727.93,fuel
50824,571.91,travel
77102,1795.04,groceries
59212,2705.87,recharge
81955,1001.09,dining
92716,39091.59,travel
45155,567.03,apparel
88733,1845.44,dining
25271,1987.44,travel
92444,1693.45,electronics
26018,643.93,travel
86522,1320.45,apparel
45121,1203.93,groceries
96811,1306.3,dining
21627,2202.05,fuel
51894,1311.43,dining
91168,1887.73,groceries
14272,1157.55,travel
33851,1382.01,travel
17520,1817.16,electronics
38914,341.82,dining
45124,849.17,dining
65699,752.73,travel
33191,657.8,fuel
24281,879.97,groceries
25294,3626.25,fuel
94455,548.58,electronics
95787,2379.45,recharge
29926,285.35,fuel
27587,838.9,travel
14877,1249.13,recharge
96343,1752.81,travel
73552,1937.17,fuel
78474,2068.7,recharge
36151,54805.09,fuel
67684,757.57,recharge
15382,2178.48,apparel
70841,941.01,fuel
62168,395.22,travel
39832,442.91,travel
73941,525.55,travel
68177,1632.27,dining
49509,1228.98,apparel
26802,1905.29,groceries
12120,779.15,groceries
94392,1244.93,travel
35322,1808.9,dining
37161,856.22,travel
71295,65175.33,electronics
32966,645.78,fuel
43817,820.21,groceries
74003,808.04,recharge
63583,421.29,apparel
69079,1619.02,electronics
10420,753.31,apparel
50616,1107.65,fuel
52773,1610.98,electronics
66919,1567.48,fuel
23631,1867.41,recharge
24354,1013.55,groceries
78618,781.61,electronics
70598,1028.88,electronics
83005,284.33,electronics
34354,68685.54,electronics
99783,380.63,recharge
34554,493.84,electronics
68585,1509.93,dining
24596,531.45,dining
92664,34457.75,recharge
39913,3100.7,travel
82222,824.67,apparel
39812,1978.34,recharge
81175,519.62,travel
50875,930.43,travel
15624,512.85,electronics
27137,836.12,groceries
71508,2147.9,recharge
27370,275.38,recharge
34778,1552.37,dining
58755,1326.35,apparel
32774,681.76,travel
21598,344.87,fuel
66186,12263.02,electronics
72000,717.95,dining
75973,1321.0,dining
94954,1115.97,dining
21204,3949.81,fuel
48411,905.53,dining
31059,483.57,dining
91098,1265.75,electronics
58580,1307.66,recharge
18848,-3506.28,fuel
72292,2138.99,electronics
13866,1458.99,dining
34675,3535.61,recharge
74922,56808.99,recharge
55539,657.34,travel
78491,522.56,groceries
61406,802.84,apparel
85874,364.55,fuel
60630,1822.78,groceries
15113,918.02,recharge
16413,338.1,dining
79920,486.65,dining
13474,1409.25,travel
43888,2144.16,dining
11449,5417.47,electronics
37300,11283.42,dining
63561,1527.71,groceries
25571,496.89,groceries
51948,199.21,groceries
99640,1358.54,electronics
16344,572.29,electronics
15729,49115.55,groceries
34412,672.04,fuel
84429,979.82,dining
46521,24330.4,electronics
67553,44295.49,travel
13048,965.93,recharge
76156,478.89,travel
16068,287.22,dining
74053,743.19,dining
23312,1050.45,apparel
87258,4511.31,fuel
36651,1217.09,apparel
26541,2407.13,electronics
40303,735.51,dining
10074,424.98,apparel
24860,45414.4,electronics
63866,613.89,apparel
37069,6019.6,electronics
41846,568.44,groceries
82649,2144.78,recharge
21140,532.54,groceries
45629,21692.67,recharge
26752,1492.13,fuel
53455,967.48,apparel
39857,1061.45,travel
14160,649.48,fuel
16320,1566.91,travel
86709,762.05,groceries
15122,411.38,groceries
80443,394.51,travel
92441,1259.0,recharge
51922,3878.77,electronics
38088,1246.37,dining
79867,997.34,fuel
98399,1378.38,recharge
20838,3117.55,apparel
96792,1307.02,travel
94935,789.39,fuel
22831,2657.21,electronics
14926,1545.35,dining
74342,3746.6,groceries
16990,1269.77,electronics
64071,411.75,recharge
15828,367.04,groceries
72157,4108.21,fuel
30853,39452.35,recharge
18657,949.93,apparel
15995,807.1,travel
26970,20974.18,fuel
58667,452.31,fuel
16897,536.05,travel
82203,-3262.03,recharge
64371,799.76,dining
36756,72354.55,recharge
98792,962.22,dining
69267,1436.64,electronics
70477,3381.2,fuel
25655,1179.05,travel
73967,1835.64,groceries
60326,212.7,apparel
98611,1054.71,dining
53019,558.59,groceries
71020,413.62,recharge
40701,543.2,recharge
13616,839.41,groceries
21512,2281.8,groceries
88029,379.51,groceries
76430,1123.84,fuel
42820,744.46,groceries
72803,843.75,recharge
10392,2445.99,groceries
13346,74384.42,apparel
55650,3196.84,travel
66246,969.13,apparel
94330,12477.27,travel
78368,916.82,travel
33159,1331.41,groceries
83361,1263.02,fuel
54235,460.58,apparel
84341,1178.96,fuel
25639,1316.3,apparel
12360,8217.15,apparel
15192,4922.03,travel
99178,554.13,fuel
17248,871.39,fuel
94540,340.1,groceries
75430,683.64,dining
23143,1411.61,dining
87765,2877.52,electronics
22978,612.0,fuel
22896,649.81,apparel
61796,196.8,apparel
35948,962.82,apparel
36173,468.75,groceries
27552,717.98,electronics
64690,543.76,apparel
12416,1016.98,dining
32056,47337.16,fuel
59808,339.12,apparel
53788,6023.34,apparel
72992,391.53,apparel
29461,456.04,electronics
68308,4767.28,fuel
78394,11204.31,fuel
44924,429.55,recharge
33112,816.81,fuel
59950,27337.46,fuel
62096,4371.92,dining
18468,497.96,electronics
60859,901.25,dining
23887,2042.38,electronics
61193,1552.8,travel
93860,811.65,apparel
58335,985.3,electronics
78534,365.07,travel
37873,906.38,travel
93045,886.15,electronics
83147,1320.46,apparel
92500,703.27,fuel
76742,1599.16,travel
68444,2465.56,fuel
57249,1241.83,dining
93540,1453.03,groceries
86336,1144.27,apparel
47502,1096.71,fuel
17708,615.7,apparel
10325,1412.61,groceries
31013,1014.52,electronics
15631,5851.98,fuel
29034,3861.01,electronics
19853,1493.2,dining
98293,595.59,groceries
18581,450.37,fuel
66419,44970.28,electronics
41652,1353.16,apparel
25679,1610.2,electronics
73113,271.6,dining
97348,2302.96,dining
81157,1577.4,recharge
97770,451.08,electronics
63118,752.03,travel
70621,1354.21,electronics
23179,1143.64,electronics
86716,868.06,groceries
77310,1009.5,dining
32861,896.43,apparel
41931,1238.99,fuel
64979,3558.85,fuel
11169,140.71,recharge
83611,907.34,groceries
35252,19688.2,electronics
16747,1389.63,fuel
39753,814.41,dining
85218,268.98,fuel
34681,1425.67,electronics
58526,4367.21,dining
83067,321.47,electronics
13033,2188.7,apparel
78392,843.18,dining
35982,1044.13,travel
72598,472.33,recharge
26928,839.19,apparel
22510,3102.72,groceries
80946,1747.82,apparel
82704,33415.4,fuel
98318,19217.37,recharge
70945,1558.17,apparel
51928,4425.54,dining
27535,1558.06,dining
36569,2126.84,groceries
68327,865.01,recharge
41148,1156.6,apparel
53515,20301.47,fuel
25125,2420.35,dining
49541,427.24,fuel
31417,2050.58,fuel
20090,941.5,travel
21875,2798.94,groceries
56646,1999.59,fuel
42977,4705.64,recharge
18993,1967.7,dining
56286,311.8,travel
24782,1039.44,travel
11389,429.4,fuel
21929,-3908.18,apparel
50366,3673.8,apparel
95868,1826.26,recharge
31750,626.94,dining
35637,487.37,groceries
31838,1125.77,fuel
41968,414.37,groceries
74558,641.04,fuel
38986,1407.55,recharge
69180,2763.49,recharge
90841,37703.68,dining
95155,23638.7,groceries
60666,1398.97,dining
74190,1161.69,electronics
92723,1527.08,apparel
80801,3995.67,fuel
36992,210.48,fuel
21882,683.43,electronics
20335,1759.39,groceries
89383,309.43,dining
60059,17940.21,groceries
36670,1472.45,electronics
41097,2158.71,electronics
35351,694.54,recharge
82170,2102.77,recharge
65116,44882.67,fuel
89147,1321.21,travel
37159,1322.82,travel
52531,1361.41,groceries
20956,549.67,travel
97421,974.55,dining
56067,970.67,dining
59770,1490.27,electronics
47229,2440.26,groceries
34382,470.21,fuel
95355,992.27,dining
54007,3587.33,electronics
70728,604.94,apparel
13357,568.04,travel
34833,1289.29,dining
82359,2154.92,electronics
17905,1106.7,electronics
19129,3175.34,fuel
82884,2176.42,recharge
37787,2150.5,travel
34648,1708.37,fuel
60877,7059.45,groceries
27542,930.64,travel
13867,220.78,travel
10400,3957.64,fuel
17138,760.4,electronics
24267,1195.48,travel
72649,22408.7,electronics
36815,304.35,electronics
16459,402.9,travel
11298,304.59,apparel
52936,580.97,electronics
85610,1558.86,dining
40482,45326.57,electronics
15746,1367.88,recharge
30526,354.17,dining
54942,172.76,electronics
26989,1145.37,recharge
98062,46504.1,groceries
78706,1583.68,electronics
41011,1922.85,apparel
95637,73555.32,dining
39251,2014.46,electronics
22616,1317.34,recharge
94444,1675.81,groceries
96370,624.07,recharge
38138,949.86,dining
63528,1283.6,fuel
25596,2114.18,recharge
67748,800.32,groceries
72109,1663.92,groceries
73892,886.54,electronics
61185,998.21,travel
73369,2129.44,groceries
59953,222.64,apparel
83782,388.71,groceries
26162,15256.26,electronics
53511,169.54,electronics
47475,637.39,electronics
58001,-4782.58,groceries
22787,873.14,apparel
39144,1284.64,dining
95871,2621.16,apparel
19473,3172.1,recharge
67177,1037.62,electronics
69816,3238.51,fuel
52705,1180.51,recharge
13024,561.2,travel
13092,681.63,travel
34806,335.48,travel
19226,538.88,dining
18480,823.52,recharge
24410,2085.72,fuel
27165,4344.28,travel
85461,362.95,travel
67485,1501.56,travel
12736,477.02,dining
66562,1603.2,fuel
22303,987.45,recharge
47894,253.48,apparel
13424,2304.54,fuel
18115,675.87,groceries
21933,715.43,groceries
49003,466.01,recharge
51676,649.74,electronics
41746,1544.28,electronics
65814,942.56,apparel
74840,1426.43,groceries
75585,1464.89,apparel
62111,3154.32,dining
59099,833.61,travel
54240,336.47,travel
31413,2575.45,electronics
53827,841.18,fuel
10908,2674.92,dining
96965,1490.25,dining
43308,987.41,travel
78065,1449.57,dining
96102,5222.91,electronics
54727,5776.68,electronics
87563,-4372.2,recharge
53129,1246.57,apparel
21905,2594.09,electronics
12383,557.5,apparel
22205,1431.47,electronics
94824,1074.18,electronics
52759,1409.69,dining
38725,563.01,dining
50145,307.46,electronics
33034,208.85,groceries
88348,448.58,fuel
99945,759.8,electronics
17642,867.35,electronics
74681,5165.64,apparel
40203,2656.58,travel
14262,507.92,apparel
92998,1448.33,groceries
15569,791.82,fuel
28531,873.5,apparel
12295,1271.89,recharge
52415,1799.63,electronics
63965,835.97,electronics
38860,2568.51,fuel
16440,439.86,recharge
20453,1102.21,dining
94004,8761.65,electronics
82531,1310.89,dining
94320,3451.53,recharge
57771,1179.94,travel
59144,1745.2,electronics
80738,1047.93,fuel
65496,956.88,travel
49279,587.82,recharge
36270,1547.26,fuel
53695,554.89,groceries
15757,1867.71,groceries
27320,2612.94,dining
76370,1470.3,dining
88123,872.18,apparel
19160,1576.83,electronics
18721,856.68,travel
17700,2317.95,electronics
81241,253.38,travel
38009,838.42,electronics
39408,223.04,fuel
11121,331.61,apparel
97533,3265.24,electronics
49062,2244.3,dining
81769,55106.15,electronics
73690,329.64,recharge
22759,102.35,fuel
82120,709.96,recharge
59526,7603.26,travel
64387,1552.94,fuel
28028,700.88,fuel
86217,1590.91,fuel
93849,314.58,apparel
46584,864.49,dining
18322,1187.47,travel
86388,1023.64,fuel
89864,2064.5,apparel
55582,41657.24,apparel
62122,1871.81,apparel
30073,632.26,travel
16072,2249.03,dining
94972,4036.57,recharge
53465,504.66,groceries
34747,539.07,fuel
72390,3192.72,groceries
12358,940.98,recharge
17194,3371.31,recharge
31840,769.68,apparel
50557,3512.34,dining
43001,77560.38,fuel
26861,13090.16,recharge
41621,3834.42,apparel
40051,821.05,travel
57219,516.51,groceries
60646,765.97,fuel
89480,1574.77,groceries
82609,313.37,apparel
36310,1826.17,groceries
91239,712.64,apparel
56868,2746.96,dining
26890,161.51,groceries
40612,584.49,travel
76757,284.53,electronics
83958,566.24,fuel
43670,1336.93,recharge
24183,950.15,dining
27269,895.42,recharge
19315,965.51,electronics
72885,1290.4,dining
55269,489.4,fuel
50606,1930.39,groceries
70469,1863.35,fuel
84579,1492.24,recharge
81596,1711.67,groceries
22342,1390.1,groceries
63065,5586.22,recharge
89425,1022.83,fuel
79645,857.77,groceries
39646,65721.15,apparel
45343,480.19,apparel
90116,405.22,groceries
12958,538.59,dining
57287,1036.35,fuel
20448,1432.87,apparel
90512,1142.43,groceries
13484,594.41,apparel
12105,2253.29,fuel
39604,1981.34,groceries
28014,965.15,travel
54593,650.45,groceries
36960,1700.61,groceries
42068,1274.59,travel
60842,344.29,electronics
60453,1038.59,electronics
94142,1352.39,recharge
53254,533.92,recharge
60780,1276.5,recharge
71014,342.46,groceries
25680,3193.74,electronics
70025,2976.07,dining
87571,896.04,apparel
38625,1466.69,electronics
26050,159.5,groceries
41158,58693.24,travel
34753,866.95,dining
62662,465.12,dining
87735,1942.08,travel
63678,5419.92,apparel
21295,427.82,travel
38322,561.17,recharge
72037,1323.93,travel
39728,3979.43,groceries
62774,412.44,recharge
72463,1338.4,fuel
39624,4708.1,fuel
68266,292.54,dining
45830,393.53,dining
22154,781.42,electronics
43496,723.09,travel
49693,69403.08,recharge
10214,1330.52,fuel
90342,265.08,electronics
57509,1656.28,electronics
13267,690.88,dining
88118,3039.83,electronics
86963,663.77,recharge
11084,658.99,dining
24685,1690.71,recharge
42741,2018.97,recharge
55651,1569.45,electronics
75317,284.72,fuel
48189,1686.53,electronics
65053,479.41,apparel
10911,1323.75,dining
69267,351.08,recharge
92384,1567.22,recharge
57358,575.2,fuel
50942,393.03,fuel
36740,1941.19,travel
95883,1330.51,fuel
12988,671.03,recharge
35806,3501.49,dining
22483,770.84,travel
87963,1125.17,recharge
53433,1359.85,apparel
93014,667.99,recharge
69863,1598.64,fuel
60114,715.68,fuel
56572,788.94,recharge
28240,3262.06,travel
60583,477.01,groceries
71671,159.14,apparel
96879,3978.86,apparel
59407,8429.24,groceries
94494,792.97,groceries
95006,232.88,recharge
57029,855.44,apparel
49534,872.2,fuel
22843,942.05,recharge
34165,450.02,travel
89117,1743.5,fuel
22445,1668.38,dining
45734,331.78,travel
72876,1918.61,dining
31655,5665.49,electronics
97668,1258.36,electronics
68452,837.26,electronics
12550,978.87,dining
32245,1794.0,recharge
76639,274.64,recharge
87686,1250.77,dining
93422,802.42,electronics
86604,4809.07,groceries
16730,954.0,dining
75671,4164.33,travel
19915,453.51,electronics
16889,1754.27,recharge
72275,1415.9,travel
53034,547.17,recharge
68316,1263.85,apparel
86632,2892.9,recharge
16194,846.38,electronics
57477,283.28,recharge
85097,1081.33,fuel
49625,532.75,travel
57107,833.91,dining
54806,1027.34,travel
91646,280.19,travel
14490,301.11,groceries
89018,1612.68,recharge
83473,721.86,travel
83124,140.92,recharge
47105,2054.68,fuel
56430,1363.62,travel
43208,619.49,electronics
32653,382.43,groceries
88788,2140.18,dining
55537,1450.23,recharge
75100,7376.7,electronics
19072,1534.79,dining
81002,1495.42,apparel
69295,959.54,groceries
99783,2107.84,dining
22057,1808.17,electronics
58603,2985.07,groceries
56005,722.66,fuel
58455,12613.43,travel
14894,747.49,travel
52580,2064.5,travel
36955,3636.22,fuel
65561,759.7,groceries
30887,780.69,apparel
49154,-2276.38,fuel
65802,900.9,apparel
15764,2348.76,groceries
80810,181.01,recharge
74415,566.02,recharge
15157,586.44,travel
15826,171.35,groceries
86524,507.29,fuel
35499,29520.27,travel
87468,933.66,fuel
54932,2671.44,recharge
40803,901.4,dining
34620,480.75,apparel
69309,36504.61,dining
19875,2538.53,recharge
46234,502.32,travel
41126,529.29,recharge
23877,1714.44,electronics
41753,918.53,dining
57579,1840.86,fuel
70980,1084.73,apparel
17772,1922.4,dining
88514,479.11,recharge
89061,1086.08,electronics
72277,-1563.52,fuel
93185,414.59,apparel
48514,313.94,fuel
83944,1898.08,fuel
75453,828.19,electronics
60626,484.04,apparel
26155,1015.42,travel
60183,2703.8,recharge
91120,176.87,recharge
98613,331.19,apparel
50325,524.1,dining
32310,3529.61,dining
77274,1374.81,electronics
16835,2026.07,recharge
23598,440.48,recharge
60574,447.81,dining
99117,1569.09,apparel
39590,1148.97,fuel
49898,51908.15,travel
39010,943.75,apparel
49644,1369.93,travel
10637,1244.51,recharge
63524,2043.08,electronics
63660,2091.44,dining
38400,300.1,fuel
33762,181.67,travel
78543,74996.97,fuel
26907,2836.09,groceries
14235,484.69,dining
13638,247.68,recharge
89356,1187.05,recharge
42792,2309.23,travel
19164,4619.66,travel
89106,1657.45,electronics
23375,814.54,electronics
40300,536.73,apparel
11861,1106.73,groceries
71115,863.15,recharge
72936,486.84,electronics
78088,5647.7,apparel
33673,4573.96,apparel
39528,2721.23,recharge
94429,524.96,recharge
83946,2173.33,recharge
13344,1829.32,recharge
72268,1562.49,dining
83145,2980.16,dining
60331,1823.11,apparel
67590,1982.3,recharge
10089,1825.35,dining
12704,1440.34,travel
13158,263.25,travel
24307,1172.5,recharge
99176,702.78,dining
67091,393.91,travel
80404,4210.99,dining
36602,4372.96,electronics
94379,3253.14,travel
27902,1345.03,electronics
91206,3230.85,dining
12771,16381.87,groceries
11839,1289.79,fuel
17100,457.25,recharge
81265,1506.57,apparel
33174,1150.91,dining
50602,386.79,dining
52417,1052.62,recharge
81059,1028.87,dining
41385,4619.53,groceries
10604,2242.55,electronics
44782,1106.72,electronics
35937,1338.13,dining
75778,1136.12,dining
77618,932.31,dining
18276,461.3,fuel
81371,971.81,groceries
16344,603.73,groceries
65773,403.33,fuel
45035,1650.74,groceries
37112,1499.69,fuel
53486,262.6,recharge
37932,62494.55,groceries
81446,2432.22,recharge
97007,2559.02,recharge
83421,2491.57,recharge
49528,1131.31,recharge
55295,557.78,apparel
50240,460.84,groceries
81417,1444.74,dining
59709,1485.38,fuel
52130,3071.33,recharge
46854,2643.83,travel
43753,986.55,travel
59739,405.3,recharge
72008,849.56,fuel
48909,1304.77,fuel
82598,932.93,groceries
84403,690.69,electronics
48616,1342.53,electronics
91813,732.77,dining
25573,663.51,apparel
93888,1406.93,apparel
36468,795.05,fuel
60786,1333.13,travel
35522,1364.53,groceries
49792,440.74,travel
40605,746.21,apparel
73470,3464.15,dining
17306,432.83,recharge
85448,201.68,fuel
91345,247.28,apparel
60667,1122.47,dining
59254,1124.1,dining
72997,998.16,fuel
27916,2896.77,dining
77474,129.25,fuel
29680,1505.3,recharge
70874,3824.38,recharge
37501,444.87,electronics
77151,-4612.49,dining
81194,600.45,dining
28777,536.21,travel
65568,844.71,dining
54853,3435.74,groceries
36463,4769.08,electronics
62943,838.19,groceries
99338,5034.39,fuel
10223,1128.29,apparel
96117,4460.22,dining
87035,1017.76,recharge
57643,1217.85,electronics
64901,1469.06,fuel
43226,13947.88,recharge
21622,2166.85,recharge
61432,622.78,fuel
83471,2380.82,dining
30799,821.01,travel
74534,741.15,dining
77323,2268.52,travel
78246,1124.25,electronics
40599,1370.4,travel
45283,1108.97,fuel
47458,1435.5,electronics
86877,1540.67,recharge
91039,232.86,fuel
47262,1869.19,dining
97296,499.89,electronics
61345,345.9,recharge
44654,41125.85,dining
10057,1172.84,apparel
64996,629.67,recharge
68037,2132.02,dining
97153,374.75,travel
74635,791.91,groceries
12670,686.84,recharge
61039,1056.51,electronics
76849,1370.72,recharge
54689,489.65,apparel
48641,1957.51,recharge
82893,1153.32,recharge
65022,241.4,apparel
71322,228.86,recharge
51768,1085.88,apparel
35026,918.94,fuel
56717,1009.55,dining
96315,1072.36,dining
64239,1313.5,recharge
73653,2340.5,electronics
21171,450.84,groceries
98913,429.41,dining
32022,457.3,travel
97412,1381.79,apparel
50118,2968.93,apparel
92700,776.6,dining
90262,148.21,groceries
77982,280.57,fuel
92475,563.16,apparel
64848,701.92,electronics
86388,790.99,apparel
25495,1131.01,electronics
16325,854.57,electronics
58901,2538.86,recharge
82885,638.54,travel
78883,550.13,electronics
57510,1608.57,recharge
56876,321.01,travel
64885,1497.8,fuel
88140,1190.4,apparel
85762,974.62,electronics
19868,3907.37,travel
63616,666.63,electronics
44284,5700.1,recharge
81946,915.67,fuel
55536,394.8,recharge
99219,1159.72,fuel
48908,463.59,recharge
71119,601.0,apparel
19772,1506.62,electronics
93911,1710.37,electronics
23817,666.65,fuel
44053,2416.13,apparel
85384,2768.35,recharge
97066,3460.06,electronics
53594,1674.94,groceries
53624,3264.11,groceries
14384,243.56,groceries
98097,850.37,apparel
11484,548.07,apparel
12347,1206.38,groceries
52612,694.26,groceries
10326,960.13,apparel
24793,4943.06,electronics
66494,957.4,fuel
73460,1526.96,recharge
36835,910.67,dining
81578,1165.11,dining
64693,1101.92,fuel
30546,1569.73,travel
74119,2785.68,apparel
63295,4096.61,dining
83089,1404.86,electronics
23899,1757.48,travel
30776,436.73,travel
37322,1022.19,apparel
40727,2326.76,groceries
89990,2192.45,dining
75928,1298.92,dining
58968,2228.57,dining
58640,1623.94,dining
89729,2864.77,fuel
50211,1382.28,electronics
30272,825.05,fuel
22320,1434.65,fuel
39701,105.16,dining
68795,1489.67,dining
52385,59.22,travel
47960,59310.03,recharge
53206,1574.06,dining
97737,1606.84,apparel
99787,432.71,apparel
24516,620.37,travel
20299,3282.74,dining
31987,744.55,recharge
86676,6596.78,travel
51355,1094.95,apparel
87730,1519.94,dining
68206,3997.8,travel
59787,1217.82,fuel
35336,-2696.25,electronics
40963,1004.47,electronics
23294,1065.83,apparel
56729,368.05,groceries
35233,893.67,electronics
36321,605.62,apparel
13559,2297.29,electronics
81918,1127.42,dining
94532,874.6,groceries
54844,1007.33,electronics
58242,1310.94,recharge
93324,1796.24,electronics
56032,492.86,travel
66041,476.62,recharge
48528,2653.79,electronics
56288,788.5,groceries
56967,353.02,electronics
73995,1564.08,dining
64376,1588.74,apparel
55353,322.28,dining
16825,1317.62,travel
91404,1975.28,fuel
89944,1479.57,electronics
26599,1818.17,dining
36397,356.59,dining
97600,1429.15,travel
38895,860.84,dining
83096,745.29,electronics
80716,2200.51,travel
87465,3581.08,recharge
11440,4607.76,groceries
53461,3139.59,fuel
60895,1004.47,fuel
85347,1454.15,dining
30201,2025.27,dining
37609,1208.27,electronics
26190,1217.57,fuel
78574,2119.64,fuel
99897,1045.84,fuel
22640,611.9,fuel
30980,787.15,dining
37634,1820.98,electronics
90011,1099.26,travel
50115,1439.67,electronics
35373,1874.44,recharge
39008,812.51,travel
63830,2008.21,recharge
44831,1484.86,dining
22636,408.36,fuel
83808,3476.72,electronics
48000,734.66,electronics
33100,291.76,dining
75558,475.31,groceries
77074,484.52,fuel
23953,63882.78,travel
16634,880.88,apparel
14087,837.59,apparel
78915,1800.4,dining
66316,11964.9,fuel
81281,1412.11,recharge
66375,1522.13,electronics
46152,1795.26,fuel
63059,203.09,fuel
75022,819.3,groceries
45895,191.68,travel
92361,1128.73,travel
90963,1092.58,groceries
82063,2531.14,fuel
99303,2835.88,electronics
45139,1289.77,apparel
20269,734.88,travel
53578,1616.68,fuel
77129,718.86,apparel
80141,30293.46,travel
44966,2413.68,apparel
36333,701.89,fuel
50092,2089.21,apparel
82348,1885.45,fuel
15453,510.9,groceries
39526,2390.16,apparel
30688,1917.64,apparel
82538,1189.8,fuel
52268,-4390.55,electronics
17811,551.5,fuel
33560,713.28,groceries
13995,1692.69,travel
52799,510.56,groceries
99789,1556.21,electronics
61050,406.1,groceries
88250,931.45,recharge
76832,1197.17,travel
89455,7755.09,recharge
37991,364.36,recharge
95614,3560.34,apparel
31477,1236.29,travel
49448,1523.76,travel
71313,1205.53,dining
35814,1565.22,electronics
33800,969.76,apparel
21702,3509.54,fuel
10378,761.14,recharge
55108,2712.94,groceries
98807,654.92,travel
29804,1045.03,recharge
49613,465.18,apparel
94198,1578.17,apparel
79507,3484.57,dining
10360,1030.83,electronics
55053,936.82,travel
22887,449.58,dining
32231,912.84,apparel
32182,306.67,fuel
65122,528.32,recharge
27905,1314.79,electronics
32667,3150.17,recharge
30319,10377.22,apparel
42119,685.9,fuel
69043,3457.29,dining
45996,1332.75,fuel
39475,971.66,recharge
56583,1550.1,apparel
65351,1152.32,apparel
11382,1197.89,fuel
90122,791.03,travel
92477,60378.15,groceries
64229,318.97,groceries
61713,1849.36,groceries
72507,878.87,travel
49677,680.7,dining
42894,1104.12,recharge
41741,2071.33,apparel
24376,1266.85,apparel
85704,648.82,travel
38852,2924.95,groceries
35595,3879.06,fuel
96784,20410.01,electronics
55603,2389.72,recharge
65962,2961.85,recharge
32089,2708.31,electronics
34975,1792.34,fuel
75549,1769.9,groceries
50581,1661.92,electronics
23296,455.83,dining
85195,1920.96,electronics
46248,370.68,apparel
70159,580.75,electronics
40714,3111.47,recharge
60458,2147.75,groceries
79805,3604.43,recharge
89663,882.41,electronics
28660,436.24,groceries
70518,904.74,dining
92316,1189.9,apparel
67845,1168.17,travel
22877,2716.08,electronics
27078,821.38,travel
28252,1453.35,dining
19574,497.25,fuel
77835,1572.24,travel
96861,1099.36,dining
56518,601.93,recharge
63896,16064.74,dining
79632,-3269.15,fuel
47411,883.49,electronics
52520,4523.64,fuel
63011,1013.58,travel
37417,902.24,travel
15563,204.8,electronics
61099,536.27,electronics
83990,888.51,groceries
16590,-2638.24,dining
29497,41730.03,groceries
33669,961.07,apparel
82408,3074.06,dining
55413,1152.13,fuel
58093,1129.78,apparel
68073,1021.43,recharge
34891,1099.97,recharge
74218,4337.42,groceries
12718,171.45,electronics
20234,221.13,electronics
83424,710.14,fuel
69237,1109.45,apparel
25881,1904.71,travel
49487,1601.14,dining
14662,806.42,fuel
70465,2478.07,fuel
78028,24711.56,apparel
35055,1270.6,groceries
41503,2368.77,travel
31313,1363.92,apparel
45039,699.81,electronics
34507,1916.5,recharge
32235,1198.1,travel
48718,1097.81,apparel
87325,3563.02,dining
78645,154.36,groceries
36759,352.78,recharge
94855,424.26,dining
28917,820.07,groceries
91965,894.54,travel
37832,328.37,electronics
58623,498.63,recharge
28283,550.78,dining
78581,7831.73,groceries
38588,4635.01,groceries
88530,788.87,fuel
17464,819.86,groceries
55179,437.31,fuel
24267,238.29,fuel
90005,998.74,electronics
47534,493.6,recharge
70701,1024.66,fuel
89151,304.85,electronics
58206,596.11,groceries
15156,1235.09,fuel
29864,1469.93,travel
29140,1531.46,travel
92275,381.31,electronics
91750,2172.75,travel
52925,578.15,electronics
90100,1819.44,groceries
32141,1087.34,travel
71149,364.63,fuel
45273,851.54,recharge
31642,1468.93,recharge
32500,1790.72,fuel
47782,979.66,apparel
40568,3734.7,electronics
29009,2455.31,fuel
40072,893.08,fuel
21572,1998.39,apparel
97269,5151.46,dining
44199,5262.64,groceries
19664,410.59,travel
61823,522.58,fuel
89479,3597.29,recharge
42393,470.3,apparel
86070,380.68,apparel
64973,743.26,recharge
76531,1534.84,recharge
36662,1010.38,apparel
13324,651.68,travel
41126,639.46,groceries
93200,620.25,apparel
81159,542.61,dining
80573,6804.27,travel
89047,1391.32,groceries
43593,2229.22,dining
38982,741.55,dining
93266,945.05,recharge
61435,619.65,groceries
36816,131.45,groceries
35034,364.16,electronics
88954,257.63,travel
14800,181.3,electronics
15552,421.45,electronics
76406,3165.18,recharge
10121,1058.33,electronics
25390,17751.81,fuel
99155,1523.53,recharge
48313,2050.93,groceries
75488,533.41,dining
53833,1667.63,recharge
18151,1964.46,fuel
26602,691.37,groceries
78498,1715.8,groceries
18509,1724.94,travel
63514,706.52,fuel
41320,446.65,groceries
43326,425.26,apparel
95704,1175.21,electronics
64533,1424.55,electronics
65361,581.71,travel
41531,1120.21,fuel
44326,1730.96,recharge
71718,1798.22,apparel
13501,3795.24,recharge
31356,3046.0,dining
64023,492.24,recharge
66117,4216.96,apparel
18303,717.1,groceries
80903,2529.81,dining
58828,1157.93,recharge
31393,788.62,groceries
77674,258.23,travel
99177,955.99,groceries
48122,314.98,travel
35509,2377.58,recharge
36946,3690.19,electronics
63333,579.68,dining
14264,1396.29,fuel
53508,613.81,apparel
12229,663.29,apparel
13472,20877.98,dining
48701,1063.34,electronics
77095,4410.39,travel
89500,745.62,dining
17887,2439.31,recharge
31965,1185.51,dining
47949,2072.73,apparel
61664,766.84,dining
98833,1054.01,fuel
71586,999.85,electronics
58451,20215.5,fuel
15474,1862.48,dining
17273,1844.93,recharge
23778,1763.13,groceries
69470,3750.23,travel
39814,3496.35,groceries
31684,812.44,fuel
70307,1478.0,travel
83382,665.89,dining
49512,1117.32,groceries
89365,678.71,apparel
76076,4008.03,groceries
74463,1466.98,travel
88082,921.11,electronics
26542,2849.49,travel
78252,193.16,dining
96195,218.92,groceries
99301,2072.83,travel
62023,1150.99,apparel
77891,1339.91,travel
89973,379.51,fuel
86695,1076.44,fuel
90800,5446.93,recharge
84912,2120.4,electronics
44317,1256.1,dining
75723,771.82,fuel
46939,799.78,recharge
82161,199.67,groceries
82921,1347.64,fuel
94120,2156.81,fuel
62948,310.91,groceries
52768,646.04,groceries
24898,434.43,electronics
67445,506.6,groceries
60975,1144.57,fuel
56344,206.95,electronics
70868,1792.59,travel
86592,2004.37,groceries
23380,897.06,electronics
48821,150.72,groceries
75006,494.16,electronics
83774,2940.46,electronics
80054,118.82,apparel
81941,830.46,electronics
86952,426.67,travel
96568,2087.36,groceries
64725,639.0,groceries
32402,1514.99,groceries
60718,1723.94,fuel
73865,4764.66,dining
19063,932.29,groceries
78121,1481.54,dining
58978,334.27,travel
94264,2842.19,apparel
29064,596.81,groceries
91620,700.22,travel
50319,1077.29,dining
61616,314.09,fuel
69399,1316.87,fuel
62123,2377.9,fuel
91343,1386.24,apparel
25056,307.63,recharge
75688,993.22,recharge
97745,1985.49,recharge
29810,244.11,apparel
32951,464.14,dining
52750,2211.08,fuel
75225,1361.14,groceries
96307,1524.74,recharge
81620,4854.18,electronics
81460,1595.34,recharge
49708,1856.24,electronics
68083,9591.15,dining
29007,924.23,groceries
51682,579.23,travel
27006,1544.16,fuel
12441,1558.05,groceries
87083,719.55,fuel
82424,480.14,travel
55967,6959.59,dining
11304,1424.36,travel
18112,610.43,electronics
20059,2281.86,travel
74531,1004.94,recharge
28314,895.78,groceries
32515,1719.55,electronics
87497,390.14,fuel
88874,1454.04,dining
78674,5066.29,electronics
37861,1592.31,groceries
62193,811.62,recharge
28024,730.93,apparel
87210,789.76,groceries
17637,895.01,electronics
76995,810.58,recharge
56037,2282.55,groceries
78171,274.08,fuel
50565,2185.5,dining
24230,809.37,groceries
77617,1482.61,apparel
66796,445.15,electronics
51813,3174.5,apparel
43544,2970.57,recharge
40943,2362.96,travel
53301,326.42,travel
33548,2128.76,recharge
35412,1516.08,fuel
35032,303.62,fuel
11141,1075.52,apparel
93505,1467.96,fuel
31289,1711.05,electronics
24856,1263.71,dining
23605,1384.35,travel
98934,3564.89,recharge
52906,2924.35,fuel
39422,40057.46,recharge
46349,850.69,fuel
17955,961.29,dining
38229,269.97,travel
32381,1182.45,travel
82288,2978.0,apparel
15257,459.78,fuel
48289,1435.29,dining
81101,527.07,groceries
85022,640.64,apparel
56129,3575.7,fuel
30027,710.49,travel
40328,1587.27,travel
30005,245.43,groceries
69583,4865.16,travel
36337,1776.01,groceries
66757,947.66,electronics
69011,1737.91,electronics
94587,355.01,travel
43331,2824.32,recharge
96512,846.25,travel
46064,931.45,recharge
71260,740.02,apparel
69545,34645.8,apparel
83602,1911.68,travel
52219,1345.78,fuel
81317,1847.15,fuel
41979,1088.94,travel
54216,1653.35,apparel
54970,784.4,travel
73400,6527.54,recharge
65650,312.83,travel
17043,3007.16,apparel
82815,3275.83,apparel
78221,554.61,dining
19409,6525.15,electronics
96564,2431.81,apparel
69464,2384.9,apparel
17647,1121.49,travel
54225,25118.54,fuel
85249,927.48,fuel
35184,1498.81,travel
93967,3364.21,travel
47656,1267.82,dining
30356,528.92,fuel
42080,2120.79,travel
57232,2291.41,dining
71931,1851.46,apparel
93506,1991.01,groceries
27540,882.94,dining
96419,60577.02,apparel
57492,547.55,recharge
21509,296.38,electronics
93381,1325.52,apparel
41410,1025.81,fuel
65852,771.25,electronics
72832,103.08,recharge
11206,404.3,apparel
29940,2688.32,fuel
71780,644.39,recharge
39229,1463.33,electronics
10839,360.49,electronics
12096,3466.72,travel
84379,977.28,fuel
23816,1383.03,recharge
19038,7048.88,travel
60609,3689.15,apparel
20704,858.12,travel
68777,682.27,recharge
58968,845.19,dining
68401,1648.99,travel
54243,1008.1,recharge
80051,799.35,dining
68027,3546.6,fuel
47374,1000.88,dining
11384,6902.72,apparel
34613,1179.2,groceries
21828,4574.51,apparel
11402,-4546.84,electronics
34585,2369.34,groceries
28596,614.19,recharge
16906,553.9,apparel
38114,1584.09,apparel
55590,2418.35,electronics
26038,1132.53,fuel
34579,391.85,dining
11812,369.37,groceries
14536,350.13,fuel
24170,266.64,recharge
50762,1197.02,groceries
69948,2697.38,travel
80949,1084.93,recharge
66662,179.77,fuel
65515,941.42,travel
94210,962.72,dining
33007,5865.24,travel
81834,341.82,dining
94317,802.28,fuel
61097,4292.75,fuel
85649,1571.81,travel
22379,1720.98,dining
89089,1201.91,travel
60765,1427.89,fuel
29937,2042.82,dining
15543,573.87,recharge
74792,2213.76,recharge
48779,365.62,fuel
37900,1426.09,groceries
45122,1265.21,fuel
99190,669.79,electronics
48502,73889.0,groceries
17089,666.45,groceries
35184,465.28,travel
23082,826.42,groceries
71724,453.42,fuel
82035,1419.75,apparel
85684,437.0,fuel
66958,1938.33,electronics
79165,426.16,groceries
47555,697.12,apparel
66497,665.35,recharge
19627,3165.66,apparel
58450,1428.29,travel
60171,925.76,fuel
12797,1634.31,groceries
59347,203.21,fuel
75063,-3863.44,dining
43082,5420.87,electronics
59047,1219.11,dining
35746,1157.86,travel
34366,1700.2,recharge
21654,77798.84,dining
39505,221.86,travel
82286,285.47,apparel
94203,16220.7,electronics
67205,619.0,dining
66191,3132.61,fuel
65243,852.23,recharge
52831,233.31,apparel
48072,397.66,dining
65882,66075.33,apparel
80595,909.32,dining
47236,943.21,dining
60929,780.89,electronics
52315,2599.57,dining
35695,2860.68,fuel
36127,956.89,fuel
17089,79283.85,dining
49586,1796.91,apparel
74120,1710.07,fuel
71702,1404.61,recharge
98709,2404.71,apparel
13594,431.88,recharge
78458,5469.84,dining
81551,509.0,apparel
49278,1996.95,dining
35467,284.33,dining
42138,521.02,travel
71429,3688.94,fuel
87594,890.05,recharge
67844,2147.24,groceries
56276,1325.53,recharge
68735,1008.31,travel
16353,3265.21,recharge
64730,907.48,recharge
13792,263.86,apparel
96318,576.75,fuel
90027,1704.37,fuel
55750,1504.79,groceries
43666,313.05,recharge
75907,614.33,apparel
67381,688.57,apparel
73489,818.62,apparel
56401,364.77,groceries
31263,663.35,recharge
16592,612.23,apparel
35497,2032.92,dining
57609,2094.98,electronics
48161,975.89,travel
55572,801.41,fuel
34992,1226.52,apparel
94407,570.63,electronics
43006,438.14,recharge
86153,516.89,recharge
45186,659.94,recharge
49922,432.34,apparel
64347,1248.44,travel
33681,1966.03,fuel
29789,308.07,travel
44126,1118.9,recharge
82385,919.7,recharge
23013,1441.16,fuel
49377,1085.34,fuel
70489,34991.21,recharge
73561,399.45,fuel
49096,1122.75,fuel
17329,53138.01,apparel
11431,186.54,fuel
52296,1446.04,recharge
82903,2840.39,groceries
12539,970.27,groceries
89872,1703.03,apparel
70831,624.87,groceries
10725,996.76,apparel
40933,-3689.84,travel
29844,11807.19,electronics
95431,2331.37,travel
59929,498.7,fuel
39170,761.72,travel
35024,361.71,dining
60741,354.97,fuel
10458,954.25,fuel
33164,611.76,apparel
24886,1483.82,groceries
65809,1575.03,apparel
70229,1417.54,groceries
52033,1327.27,fuel
22602,3874.67,recharge
43356,466.81,dining
85860,1049.48,electronics
28331,2713.93,travel
24702,43753.5,apparel
20036,351.63,groceries
83503,854.16,recharge
20789,3250.28,recharge
62345,1646.59,groceries
99912,1282.04,recharge
67762,921.36,electronics
47107,806.71,recharge
28614,51560.31,fuel
10173,896.14,dining
24000,1059.91,apparel
95762,1167.8,apparel
22924,637.49,dining
11798,1678.58,dining
83445,11286.87,recharge
47672,264.65,apparel
42129,1421.13,dining
74572,596.96,dining
57072,1740.49,apparel
92313,1138.25,recharge
52083,2017.24,travel
74159,2808.5,apparel
89096,1279.13,travel
51725,28789.49,dining
35585,168.1,dining
97698,3914.18,dining
30411,1480.37,groceries
13538,2597.42,apparel
62033,413.27,recharge
98819,564.19,groceries
17779,1232.44,dining
86444,1081.79,dining
84738,1375.34,fuel
93602,2611.32,electronics
47940,267.15,fuel
32929,2390.02,travel
56092,1103.92,dining
22821,931.67,electronics
85855,338.02,electronics
69697,1639.98,fuel
53498,158.97,apparel
56426,1842.2,travel
74090,332.39,groceries
57084,1144.55,electronics
85581,996.91,groceries
93214,2795.12,electronics
95480,950.58,recharge
65806,629.35,fuel
76828,731.22,fuel
37995,3036.03,fuel
13430,1684.19,fuel
46005,805.53,fuel
88453,907.64,fuel
22014,313.02,recharge
59113,43987.97,groceries
27308,268.31,groceries
48634,2001.07,electronics
22901,1215.48,recharge
76126,7402.41,dining
82925,454.82,dining
78251,1010.17,recharge
73437,42292.1,fuel
31163,2844.41,apparel
57730,628.31,dining
19430,1311.82,groceries
43692,1098.39,electronics
55522,1374.11,fuel
70163,627.07,apparel
18712,1021.01,electronics
83160,305.38,fuel
51300,1221.82,dining
89310,1571.86,dining
57472,914.21,apparel
59230,301.26,dining
72332,2418.31,electronics
83788,1467.95,apparel
24186,613.5,travel
56017,876.13,dining
12695,330.12,groceries
52707,482.83,apparel
83215,713.19,recharge
87888,2929.94,fuel
35516,657.47,recharge
44773,1830.18,dining
59639,712.9,recharge
45631,1337.23,apparel
26026,979.34,fuel
37441,2204.92,electronics
46364,714.91,fuel
56682,311.68,groceries
92864,363.01,groceries
59035,716.59,travel
44840,403.73,electronics
69440,1522.59,dining
79574,755.5,groceries
48744,7329.67,fuel
54033,273.1,travel
29605,1290.66,fuel
87830,444.81,travel
88014,738.99,electronics
25741,1227.99,apparel
41139,170.67,apparel
34475,1325.39,groceries
93063,5025.73,groceries
15870,762.99,travel
28661,1349.98,travel
38341,2489.75,groceries
60404,961.83,recharge
32407,688.99,travel
58294,177.58,travel
77249,1831.32,fuel
84577,1001.71,apparel
18915,487.77,recharge
22496,1213.52,travel
18567,687.5,dining
91893,718.57,recharge
68688,1781.18,groceries
57828,375.89,fuel
81181,2534.75,groceries
62749,358.47,electronics
31190,645.38,apparel
55914,5106.95,recharge
73288,2702.37,fuel
13242,1185.69,fuel
64569,516.76,fuel
54737,718.08,apparel
16255,1162.84,dining
33719,1130.05,groceries
50367,1019.74,electronics
40841,1069.91,apparel
36105,923.8,electronics
68418,345.99,dining
46392,725.45,groceries
54792,2279.47,travel
81847,366.99,apparel
18389,942.33,dining
42391,569.18,groceries
16573,1198.8,groceries
93458,803.59,fuel
26709,3575.7,apparel
83787,1644.62,dining
27179,383.97,apparel
39164,1876.16,groceries
64746,590.09,apparel
84822,691.18,dining
26003,1409.59,travel
29180,739.96,electronics
89353,2240.12,dining
38976,590.16,dining
28878,668.37,apparel
76916,648.66,fuel
18201,697.49,fuel
88025,2642.16,apparel
88816,1813.54,electronics
87085,4306.82,recharge
36579,6728.55,electronics
20278,480.79,groceries
48287,1160.19,groceries
40111,427.96,groceries
96311,588.7,recharge
66851,662.44,electronics
94992,470.73,apparel
77578,472.71,travel
74341,977.08,dining
20065,414.31,travel
16204,2151.03,travel
14184,526.26,recharge
63400,10380.2,electronics
28153,764.25,dining
99016,1161.67,dining
21939,389.06,groceries
95221,4293.57,recharge
70086,2685.44,electronics
19540,79372.09,dining
15260,373.37,groceries
45636,1297.94,groceries
40505,447.13,recharge
38397,3532.93,recharge
57570,2095.1,recharge
21675,1183.64,groceries
21651,156.16,groceries
72531,499.33,groceries
99126,1901.14,apparel
34646,2893.75,apparel
93872,2663.34,fuel
41037,306.86,groceries
40229,1395.83,fuel
18132,2471.08,apparel
48098,291.0,dining
54816,1089.72,apparel
69738,-1513.31,electronics
24234,862.11,groceries
26982,-4427.85,travel
48887,845.09,electronics
16268,844.0,recharge
22900,974.13,groceries
66616,698.7,fuel
95845,769.38,recharge
61566,1062.35,recharge
23048,36739.2,groceries
99188,859.59,recharge
56969,790.2,travel
74515,1180.72,apparel
27727,235.87,dining
62058,1606.2,travel
16872,1096.14,recharge
66316,1132.02,groceries
28207,75629.36,groceries
91855,229.92,travel
14929,226.09,dining
68736,1365.18,groceries
22545,1090.41,electronics
71840,1256.57,electronics
54413,757.71,recharge
97072,1865.87,recharge
68662,2312.56,travel
43479,1615.15,apparel
17860,890.1,groceries
63617,203.13,groceries
49691,2029.18,groceries
14725,2914.29,fuel
62311,1836.55,fuel
28899,-1871.34,travel
31080,1880.02,fuel
10806,2182.93,groceries
43486,3816.36,travel
29644,544.09,dining
16465,914.92,travel
49086,1993.84,apparel
29811,1148.17,travel
22074,448.6,apparel
52007,1527.97,dining
15691,1742.24,recharge
99138,1176.58,fuel
52385,1307.23,recharge
99662,891.62,apparel
89321,3578.23,electronics
98164,533.49,fuel
58845,685.5,travel
48077,1106.31,recharge
74789,2215.34,travel
17261,330.99,dining
85616,384.43,apparel
39121,214.82,fuel
10667,1125.7,electronics
31394,448.25,travel
31808,806.22,fuel
11271,1861.43,dining
70171,656.4,travel
18570,1319.52,travel
86201,863.1,fuel
50786,1877.49,fuel
74640,1603.75,dining
40569,630.46,groceries
21879,958.22,electronics
26231,2527.52,dining
68128,1502.22,apparel
74448,358.68,dining
34077,1852.88,recharge
42140,460.5,electronics
95053,3394.84,recharge
86667,2488.11,groceries
47173,1382.86,electronics
31687,1243.63,recharge
37121,927.76,fuel
58454,1887.14,travel
61009,815.15,electronics
26572,1324.06,fuel
15924,2202.94,groceries
54576,699.63,dining
81770,669.84,electronics
23721,421.79,fuel
46751,42196.41,travel
24541,253.99,apparel
31791,1966.21,dining
65099,4661.68,recharge
35757,3429.82,electronics
33740,298.61,groceries
99608,1958.4,recharge
25512,3420.99,electronics
27035,760.94,groceries
93678,1189.34,electronics
59518,220.01,apparel
13870,1357.48,fuel
48245,468.32,fuel
60862,1286.54,groceries
32786,314.52,dining
59343,1693.05,travel
68365,2488.93,recharge
32554,19525.06,dining
83115,441.63,electronics
50749,195.43,dining
96710,886.13,electronics
17896,688.64,dining
39180,317.09,recharge
74913,1575.64,electronics
90541,765.11,recharge
29952,463.78,electronics
98221,703.69,fuel
27404,2583.87,dining
47450,1776.41,dining
38338,988.29,electronics
48188,1799.54,electronics
91212,433.23,recharge
75928,1125.4,groceries
81681,1233.8,dining
32859,753.05,apparel
95219,1553.66,travel
49197,587.37,travel
68675,1648.89,fuel
72794,1705.28,groceries
69662,106.3,dining
64161,2841.95,groceries
53202,95.76,travel
68287,669.92,travel
91465,-4725.27,apparel
45079,850.79,apparel
55978,339.36,fuel
26206,68704.1,electronics
41955,2493.7,apparel
79483,235.76,apparel
67633,2705.91,electronics
29002,1049.34,apparel
59152,422.46,fuel
83075,687.81,fuel
21161,486.01,apparel
15575,2192.9,fuel
45344,1970.3,apparel
69088,277.18,electronics
38198,794.03,fuel
83892,549.74,dining
86214,3086.55,recharge
57926,372.38,electronics
44095,3957.56,fuel
13754,1067.81,apparel
83939,432.88,groceries
90574,637.9,groceries
49814,577.5,travel
56481,395.56,recharge
77814,1183.06,electronics
72582,410.62,groceries
22175,191.66,recharge
70507,809.37,electronics
93217,259.23,recharge
77560,600.81,groceries
53249,529.92,electronics
57083,546.22,recharge
33381,5435.85,fuel
69467,1147.26,groceries
31733,1334.48,travel
40766,264.78,recharge
33856,649.91,recharge
40178,1302.76,apparel
43004,483.17,recharge
17467,2267.54,groceries
74576,418.99,electronics
49688,872.1,travel
95463,686.19,fuel
26279,1250.7,travel
70212,656.95,groceries
26126,882.96,fuel
59244,907.87,fuel
54178,609.41,recharge
50373,1616.59,dining
68923,1327.05,dining
84536,1021.58,recharge
38504,777.15,dining
86468,2074.0,travel
26636,908.08,travel
36373,858.03,fuel
37960,1192.43,electronics
95806,4261.04,fuel
20671,375.3,fuel
45559,2030.19,recharge
48198,241.16,fuel
82006,1304.82,dining
53730,3866.35,dining
97012,1621.22,travel
76628,1257.02,dining
73328,700.39,fuel
77761,66314.6,recharge
24539,896.37,groceries
50414,584.77,dining
62751,869.66,dining
28762,1285.25,travel
20689,593.61,travel
22218,575.35,apparel
81021,369.37,dining
69118,1499.04,recharge
35318,1696.39,recharge
76347,1319.92,travel
72568,2373.54,dining
83484,1176.49,apparel
91907,71944.1,dining
89400,1398.38,electronics
26290,1019.19,travel
79232,55949.2,groceries
45356,6446.69,dining
46280,763.9,apparel
68240,643.74,groceries
64196,1551.86,recharge
47768,1341.42,electronics
99952,356.44,fuel
25733,2692.28,travel
18722,1017.03,apparel
12616,450.9,fuel
83280,2838.49,groceries
46593,1809.02,groceries
49360,398.76,groceries
68428,4544.83,travel
49185,1857.59,recharge
61658,1087.72,recharge
15260,3913.45,dining
24061,1245.68,apparel
93882,1072.27,apparel
50561,646.62,apparel
25064,1746.69,electronics
43252,1605.65,recharge
40130,1109.59,electronics
34677,582.9,fuel
36424,1216.76,recharge
75633,1037.08,fuel
19608,377.37,travel
37868,337.83,apparel
52115,1723.52,apparel
58612,136.8,apparel
89244,1292.49,electronics
93089,748.1,travel
36766,3123.15,dining
58534,738.95,electronics
12011,1858.62,groceries
65531,798.29,fuel
23761,1201.11,recharge
16592,1977.26,electronics
70454,757.45,travel
26031,2433.88,recharge
52963,69223.53,fuel
19085,1388.08,fuel
77109,2294.14,recharge
78832,1859.44,apparel
61732,5080.45,dining
85232,595.41,recharge
49311,363.83,recharge
26780,494.99,groceries
23619,1860.04,travel
29734,1633.27,electronics
28027,1190.12,dining
39088,40362.46,recharge
29290,2025.34,recharge
63196,411.68,travel
23352,2771.54,groceries
65961,10785.42,fuel
40068,1470.21,dining
71807,1748.45,recharge
56162,739.31,electronics
91466,257.71,electronics
49588,677.1,travel
36553,457.46,electronics
63020,344.6,fuel
69287,-2465.87,groceries
49531,1364.15,fuel
60374,1485.86,travel
52377,856.44,electronics
37525,954.99,travel
38220,2372.36,electronics
91666,1068.63,electronics
70779,1676.65,electronics
18593,937.48,electronics
96586,834.04,groceries
74079,355.84,groceries
14514,225.38,electronics
75507,889.58,recharge
63065,1147.34,electronics
92378,391.93,electronics
54042,1066.8,fuel
56671,1144.82,recharge
38323,195.43,recharge
38945,527.37,groceries
65612,1519.01,electronics
84495,1494.65,recharge
90159,435.75,apparel
79372,1244.84,fuel
64878,2484.75,travel
55027,2041.95,recharge
40564,1016.15,electronics
79106,754.17,recharge
38632,662.83,travel
34108,1594.4,dining
88107,1281.88,dining
63054,1814.42,electronics
41879,1218.65,groceries
87865,2111.2,apparel
96640,1182.84,travel
38618,2054.42,recharge
56926,2200.98,travel
53519,576.16,groceries
73147,258.14,recharge
95593,3769.86,electronics
59367,1346.58,dining
81838,278.22,fuel
63603,619.52,electronics
89832,2033.47,recharge
46412,876.78,dining
44671,728.04,recharge
48017,3363.39,travel
99684,474.46,groceries
65029,-2279.31,travel
23730,1298.69,recharge
13680,1498.72,fuel
56688,1631.21,apparel
82511,2273.31,recharge
53134,1285.45,apparel
60418,1622.15,groceries
81858,891.26,groceries
56470,1153.04,recharge
91774,1195.15,fuel
67413,1302.55,dining
75801,2034.55,fuel
80331,1709.77,apparel
66412,1136.12,dining
14505,574.04,travel
48468,1157.64,fuel
22733,1072.33,dining
55928,1279.91,groceries
22884,57414.82,travel
55836,21328.05,groceries
40945,1537.37,fuel
11833,2578.0,recharge
21238,1186.07,electronics
55273,23020.31,dining
17093,810.43,groceries
87036,1421.22,recharge
78281,578.8,electronics
73833,827.81,groceries
25490,1338.29,dining
81612,2158.23,electronics
67121,1415.55,dining
45143,3002.77,fuel
10037,1016.41,groceries
57607,840.73,apparel
81630,9539.42,recharge
13013,1503.26,apparel
14736,616.72,groceries
44469,629.29,fuel
56041,515.87,dining
52696,2319.84,recharge
48357,819.34,apparel
32968,1214.26,dining
15387,1042.31,apparel
12811,1968.83,recharge
18892,557.02,apparel
72136,463.84,groceries
80737,1312.17,travel
49157,1773.6,electronics
16967,1430.85,dining
47410,573.89,dining
98706,1885.57,travel
32498,604.81,travel
54199,722.54,groceries
58404,515.35,electronics
39694,3105.49,apparel
49421,1820.26,recharge
52456,1779.33,dining
52658,2974.32,fuel
74590,10405.81,fuel
62277,279.39,fuel
14805,607.47,travel
10569,669.85,dining
46962,555.21,recharge
91691,463.1,travel
13320,862.88,apparel
16397,414.35,apparel
71132,1433.73,dining
50582,1142.94,groceries
30756,1611.34,apparel
28663,1646.13,apparel
69849,1776.51,apparel
57139,813.44,fuel
67439,5984.42,electronics
35220,1322.85,groceries
57372,247.15,fuel
87399,491.81,electronics
38492,272.49,groceries
45671,1111.95,groceries
24736,994.81,groceries
67487,753.9,dining
12925,5479.35,travel
32398,1701.37,recharge
74174,1960.35,travel
11746,520.68,dining
99016,493.09,recharge
46373,1129.4,travel
45882,49251.02,fuel
58283,248.38,recharge
67525,949.33,recharge
51358,1109.05,apparel
89581,923.23,travel
96580,572.09,recharge
28031,712.21,recharge
73614,951.95,travel
37081,1179.26,recharge
99609,1779.05,fuel
32798,2603.69,recharge
36555,-1187.2,electronics
74280,761.34,dining
81014,1556.39,electronics
21572,1787.68,recharge
59999,774.83,travel
41110,2063.82,recharge
65057,2401.07,dining
60105,3082.05,travel
98725,4548.97,recharge
94029,548.32,fuel
68858,1108.89,apparel
71146,1106.57,fuel
90892,1013.88,fuel
26513,652.36,apparel
75316,334.14,travel
79486,1181.03,electronics
21464,593.07,fuel
89317,1174.73,travel
72947,581.01,dining
41241,454.99,apparel
53587,1322.71,recharge
54063,1237.36,apparel
92690,1743.11,fuel
97231,6302.43,apparel
82614,1368.99,groceries
68698,1616.58,apparel
19372,463.1,groceries
92333,391.69,recharge
22052,3890.39,dining
25012,523.86,travel
16264,475.73,apparel
95296,1062.86,groceries
54391,1020.29,travel
31236,532.72,dining
17269,859.22,electronics
47078,2932.18,groceries
75130,575.48,groceries
99509,359.63,dining
59711,2331.05,electronics
64641,1625.93,electronics
85228,667.53,apparel
91163,309.29,dining
35181,604.44,apparel
99269,1049.68,groceries
56722,2786.49,fuel
93711,478.54,dining
20573,1024.93,groceries
18768,1882.05,recharge
89614,163.2,travel
70530,2507.47,recharge
25750,425.83,apparel
90542,1430.24,recharge
19212,1335.88,groceries
71406,2611.47,fuel
28454,1704.01,apparel
16353,163.72,groceries
82560,585.33,groceries
86265,1224.84,apparel
19523,938.25,groceries
18381,1606.94,travel
65297,68671.69,apparel
12583,1784.26,recharge
77155,923.88,electronics
92408,250.37,groceries
77596,761.75,fuel
30761,1530.11,apparel
27105,458.35,travel
71253,1817.14,electronics
15546,2268.14,apparel
58392,1213.78,apparel
50392,94.54,groceries
77012,394.46,recharge
28223,4958.96,recharge
78608,708.23,electronics
72933,224.23,apparel
31483,2945.98,travel
42101,1108.41,electronics
15941,2654.34,fuel
50441,1368.63,travel
33453,1582.64,travel
20213,1466.17,recharge
60391,1915.99,recharge
61078,6781.44,groceries
17734,2384.64,fuel
26696,309.74,dining
17433,1567.64,electronics
71108,2733.08,apparel
40422,2870.27,dining
16405,779.55,travel
27238,2784.87,groceries
97829,2303.52,groceries
33017,8587.08,travel
71606,601.84,groceries
52158,730.76,apparel
26355,858.43,apparel
37664,740.87,fuel
11268,538.07,groceries
77228,120.28,fuel
40101,774.52,groceries
54931,1473.63,recharge
23753,739.09,travel
84178,5158.0,travel
29656,1108.43,apparel
60964,3080.43,apparel
88546,1351.72,travel
74186,2124.15,apparel
64287,1371.13,recharge
89922,3278.13,travel
25881,1146.82,fuel
96718,1630.92,fuel
60098,1470.07,travel
46886,870.76,fuel
33020,1516.24,fuel
77042,6551.89,dining
97857,883.32,dining
72109,1533.9,recharge
12948,2999.57,travel
52217,2730.4,groceries
75907,1106.96,recharge
45768,162.92,apparel
79568,1657.99,travel
73655,185.75,apparel
16044,3554.43,dining
60216,1255.86,electronics
25468,49614.04,travel
53786,532.89,travel
44587,316.71,recharge
82620,1351.0,travel
88133,1067.55,recharge
51531,740.09,groceries
58329,1173.48,travel
66347,10036.15,dining
68976,2137.99,fuel
67182,2539.19,dining
80470,2154.15,apparel
98377,3581.62,groceries
84530,49553.46,recharge
22124,211.92,travel
52865,943.06,apparel
51515,2099.36,fuel
55790,504.8,travel
57561,952.33,fuel
74619,630.54,recharge
47890,3646.87,electronics
33700,1997.33,groceries
51182,1846.84,groceries
86903,1803.13,dining
38028,1064.44,travel
11870,1284.4,travel
97865,424.9,fuel
27619,190.73,travel
64255,1236.53,groceries
82017,1421.11,travel
34701,2885.38,dining
40622,3854.78,groceries
35244,3850.66,apparel
23484,493.53,fuel
23765,827.32,fuel
26807,1610.45,apparel
51224,8312.57,fuel
57767,3583.44,apparel
11438,2685.22,dining
86155,804.14,groceries
70831,541.01,fuel
16358,2061.37,recharge
85843,454.62,dining
12743,906.19,dining
60446,1000.42,apparel
51864,3921.89,electronics
55192,825.71,electronics
96055,155.8,dining
93434,1641.81,groceries
35110,626.9,groceries
62169,1134.68,recharge
96324,1023.14,groceries
75596,880.98,dining
89890,2063.73,travel
49133,321.73,fuel
35481,725.16,apparel
55958,1895.49,fuel
83524,670.98,travel
93592,302.76,apparel
71727,1872.15,electronics
73586,2693.17,recharge
56063,1057.86,fuel
38764,228.45,travel
48062,1929.04,fuel
54793,290.64,apparel
83394,1403.94,recharge
59980,539.17,recharge
81376,433.6,fuel
12462,770.06,apparel
78123,947.06,apparel
55635,655.0,apparel
99842,1756.3,apparel
52454,767.5,dining
53065,2402.23,travel
21472,1373.25,apparel
82622,627.63,dining
73136,548.53,travel
87622,293.54,electronics
18347,1383.8,fuel
29044,825.78,dining
88926,164.39,fuel
13785,714.39,groceries
55737,533.35,recharge
46426,3868.19,recharge
94547,280.84,recharge
87105,346.17,electronics
90703,2665.04,fuel
36019,3246.75,apparel
62875,604.27,travel
73000,661.38,groceries
97071,1795.41,fuel
10661,170.43,travel
97931,247.41,travel
41982,876.04,travel
21544,3789.21,dining
65395,773.88,electronics
80338,1188.86,groceries
21678,2716.31,travel
13669,5916.54,electronics
90693,691.26,dining
94032,1081.96,groceries
24064,4710.95,apparel
91364,324.49,apparel
91880,2495.05,travel
99767,485.58,travel
29474,1190.32,apparel
62090,903.16,apparel
99484,509.58,apparel
91236,499.46,travel
64426,1368.04,electronics
27740,2431.91,apparel
17590,988.52,apparel
33324,1159.9,groceries
15874,1731.84,recharge
27573,504.06,fuel
16742,1981.79,groceries
78600,2112.18,dining
63089,8803.47,groceries
56609,811.69,travel
82861,760.16,apparel
46972,2028.75,groceries
46266,2111.77,recharge
28623,714.75,recharge
50034,794.31,electronics
25706,1690.71,recharge
63035,565.63,travel
99770,789.64,electronics
57973,1178.12,recharge
36912,2432.69,electronics
71924,676.09,fuel
83799,251.16,travel
52460,236.68,fuel
32529,25490.39,apparel
74246,383.55,recharge
26854,969.05,recharge
99756,423.65,apparel
38602,625.03,apparel
41526,590.36,electronics
75423,770.93,recharge
11099,3158.98,electronics
28257,1862.28,fuel
21306,1110.88,apparel
45195,758.38,travel
59815,775.43,recharge
26164,1425.38,apparel
40982,1749.94,apparel
79497,530.55,fuel
94597,1129.11,groceries
11285,215.88,fuel
66469,1299.03,apparel
12311,2017.71,apparel
56831,58516.84,electronics
89151,4690.16,apparel
81822,55562.01,groceries
30944,1304.99,recharge
33272,1065.65,recharge
80515,1012.08,electronics
83775,1000.79,apparel
35281,37268.22,electronics
10275,2161.09,electronics
50000,3301.69,recharge
65770,1094.66,apparel
49937,2105.38,dining
94127,625.52,fuel
83223,2023.87,fuel
80906,596.1,dining
11825,2624.19,fuel
86826,-2368.56,fuel
77971,994.59,fuel
45725,189.8,fuel
63058,707.36,electronics
84180,2938.05,recharge
91559,1706.95,fuel
59574,1338.27,apparel
13720,2457.59,electronics
65668,1615.76,apparel
71200,2904.98,groceries
15302,2288.24,dining
83557,3704.71,electronics
28139,1461.23,fuel
90140,2262.46,electronics
59586,857.74,dining
38991,677.79,electronics
15292,4295.89,recharge
11607,1303.7,apparel
76729,2087.88,dining
43944,1210.75,fuel
85604,-2575.27,electronics
30746,1106.31,electronics
92831,3459.21,apparel
94741,1709.9,fuel
19159,278.89,recharge
68223,923.16,travel
94573,4563.45,fuel
39078,924.23,apparel
16085,259.72,fuel
88792,4986.25,fuel
52664,1892.99,recharge
12436,1036.9,recharge
85621,814.74,electronics
71096,2606.81,dining
16327,710.82,groceries
33280,2747.94,travel
11640,1692.15,travel
95937,1333.74,travel
12245,1232.02,electronics
81626,953.39,travel
56013,2531.36,electronics
62445,548.8,groceries
83042,299.6,dining
90545,1792.83,dining
21468,1817.09,fuel
11608,1610.33,travel
21214,1519.57,fuel
71425,848.58,recharge
61168,2059.02,dining
17549,1057.38,recharge
31086,742.71,electronics
58351,854.47,dining
75718,5522.09,electronics
40906,273.7,groceries
95466,1635.71,travel
99301,286.21,recharge
78942,1005.67,travel
50883,775.18,travel
88944,206.85,dining
75510,1497.02,recharge
56762,809.14,groceries
49939,204.51,travel
84907,2146.63,apparel
60135,3456.48,recharge
26461,3612.3,travel
99982,1461.42,apparel
16151,1137.79,travel
72550,3173.29,groceries
69035,4212.9,groceries
62754,2715.84,travel
14675,516.34,dining
54333,1288.3,fuel
90322,1558.71,groceries
31558,12604.42,recharge
72239,1596.37,apparel
87286,6757.4,apparel
95697,1829.78,recharge
56452,3564.33,recharge
38249,31811.93,electronics
72964,1034.24,electronics
53753,1487.75,electronics
66437,570.97,travel
76751,507.24,dining
73924,3020.1,electronics
31849,3287.47,recharge
78020,496.27,electronics
58765,2378.91,groceries
93768,1022.94,fuel
69351,1439.21,recharge
90261,1584.74,recharge
98091,2429.6,apparel
99504,1171.66,travel
77022,3388.46,recharge
63755,1404.63,recharge
20631,1806.86,fuel
44750,563.06,fuel
52779,-2856.31,apparel
80246,1596.96,electronics
62988,1939.91,apparel
49521,302.91,groceries
23195,567.84,groceries
74421,2952.2,dining
48876,1379.55,dining
13252,237.22,recharge
35560,2516.52,recharge
89150,709.79,electronics
20694,3391.59,fuel
46552,1022.22,recharge
56083,1291.77,groceries
17536,14153.18,electronics
24906,534.86,dining
94623,495.58,groceries
63147,937.11,dining
28930,2125.45,groceries
25272,378.15,electronics
48315,288.75,electronics
75122,2119.59,recharge
75734,676.96,electronics
27571,801.29,dining
75305,248.28,groceries
90664,637.03,recharge
30370,1090.01,travel
12358,2308.38,dining
96299,591.71,dining
56979,4129.46,fuel
79880,634.19,dining
38809,634.94,dining
36924,3751.41,electronics
30256,1298.76,apparel
29531,705.13,recharge
52443,968.64,travel
19520,3237.18,fuel
85780,3543.83,electronics
56009,570.53,fuel
92374,-1923.26,groceries
55196,1178.65,fuel
37292,498.2,dining
56341,1048.85,electronics
23881,1101.31,dining
84167,2730.3,apparel
74811,2881.14,apparel
23243,842.72,travel
62379,924.12,groceries
58418,1865.78,groceries
28091,-3569.86,travel
20987,1756.21,apparel
78425,1022.16,recharge
33763,504.96,fuel
56703,510.06,electronics
32293,3489.96,electronics
68804,967.64,apparel
14408,4073.6,electronics
42340,727.12,groceries
59234,1384.32,recharge
49518,7436.39,apparel
65114,470.64,fuel
26230,240.27,groceries
49761,3069.51,groceries
78085,565.98,apparel
40023,1078.62,electronics
24130,686.27,electronics
86296,1359.04,travel
80046,512.64,groceries
71236,949.61,dining
81819,1571.6,apparel
80092,489.48,electronics
77193,626.36,groceries
55848,830.55,recharge
11748,349.66,groceries
63736,782.08,apparel
34581,1205.97,apparel
79596,796.61,apparel
52149,882.62,electronics
91473,1079.31,dining
63598,648.98,travel
59547,1906.17,electronics
92729,3459.16,recharge
52755,756.34,groceries
43804,1616.73,recharge
43436,905.34,recharge
88751,1469.08,fuel
78063,3837.68,apparel
24708,1647.36,groceries
54323,265.41,apparel
43414,1576.87,travel
68202,2940.37,electronics
14705,918.48,groceries
74270,2432.09,electronics
76823,631.38,electronics
30392,334.14,electronics
23558,1227.75,dining
66477,269.03,recharge
33131,905.22,dining
94741,3070.13,electronics
79770,237.98,recharge
95950,394.02,recharge
58123,480.28,apparel
94462,1042.47,travel
11257,818.46,apparel
36093,3358.7,apparel
10201,2353.08,travel
70979,1629.81,dining
55958,1232.14,fuel
35890,1502.05,electronics
37445,550.27,electronics
67937,2177.14,recharge
26227,450.5,groceries
56309,2139.44,groceries
65222,2832.5,apparel
31597,1298.15,apparel
30559,952.44,fuel
41880,1510.58,fuel
63298,111.14,electronics
32895,1396.61,electronics
44133,1001.56,dining
58909,1053.1,electronics
26806,1929.9,apparel
61202,1032.96,apparel
22429,440.47,apparel
22828,979.34,recharge
31317,1157.53,travel
35785,1202.25,dining
12684,1248.3,groceries
96543,2518.69,groceries
37731,459.98,travel
82414,1262.14,recharge
91175,3077.72,dining
82056,273.78,apparel
84821,1266.13,fuel
19006,686.56,recharge
43479,815.2,dining
77155,531.74,groceries
61824,957.53,dining
10509,4783.87,dining
61061,398.8,electronics
82405,430.23,groceries
84585,387.01,dining
44549,4367.45,electronics
31265,757.58,fuel
37859,1074.37,recharge
36674,794.55,recharge
41191,515.15,travel
37160,908.58,apparel
51147,7836.87,dining
13678,45682.44,recharge
34767,554.27,recharge
38321,1840.99,recharge
23800,563.85,apparel
89011,264.78,dining
70792,2479.0,fuel
92077,2774.08,apparel
60541,2532.2,travel
19867,753.03,groceries
91414,959.66,electronics
51224,1997.82,dining
71598,1499.96,dining
44321,800.38,groceries
54485,300.29,electronics
54041,1201.23,recharge
35623,2599.85,electronics
59924,420.7,fuel
76035,1828.05,apparel
11823,1429.72,recharge
21781,1998.43,travel
85800,2203.01,fuel
61267,629.19,dining
97628,300.8,electronics
64419,715.65,electronics
68805,2233.45,electronics
90910,710.8,apparel
69440,629.4,groceries
39665,255.42,electronics
57517,4456.5,electronics
31204,2122.97,dining
40084,2030.26,recharge
71224,59659.46,apparel
23407,1739.52,electronics
70477,901.93,groceries
62565,961.98,groceries
37754,778.95,fuel
14044,9025.35,recharge
73415,1710.82,fuel
84204,756.69,fuel
75705,1591.44,travel
47881,488.48,groceries
68817,3654.1,groceries
47327,646.22,dining
42243,1637.41,travel
39445,2572.88,electronics
28976,1491.91,dining
97240,1182.72,fuel
69958,1106.15,travel
25742,1048.22,recharge
87852,691.35,dining
23617,765.41,dining
63430,3581.98,groceries
24897,1005.43,apparel
42510,584.85,groceries
69266,725.57,fuel
99919,2644.66,fuel
99269,1882.74,recharge
90599,1716.88,recharge
31192,892.46,apparel
18415,1734.87,fuel
91504,655.34,fuel
93082,890.97,fuel
35075,2382.35,groceries
11725,2207.07,apparel
68310,499.93,electronics
16848,553.12,electronics
13644,1196.27,travel
94342,4362.96,dining
54608,236.88,travel
20084,1370.14,recharge
68910,364.73,dining
43227,660.19,recharge
58268,819.31,apparel
90897,783.36,fuel
31404,715.49,fuel
68184,1102.97,apparel
84563,714.65,dining
48139,340.37,groceries
97311,2046.52,recharge
50347,2002.79,travel
51327,2152.83,electronics
89576,319.71,groceries
67232,1392.89,electronics
88182,1883.3,dining
81136,77446.5,apparel
74112,1104.71,recharge
31733,999.23,fuel
45895,4787.29,recharge
87799,5113.28,recharge
65442,289.6,recharge
35217,8063.81,fuel
39461,527.33,electronics
79823,2403.16,groceries
26036,-1775.25,fuel
20088,494.45,fuel
78859,1627.2,electronics
35954,1006.24,travel
78886,1708.66,travel
58025,1318.88,electronics
99802,2855.7,recharge
57242,24309.55,groceries
88072,958.82,electronics
86537,2635.56,recharge
29078,1744.66,recharge
99650,1969.33,travel
77121,644.41,electronics
19648,475.23,travel
10543,696.33,travel
34424,65418.17,recharge
11461,2056.91,groceries
42183,2394.16,fuel
99671,968.64,apparel
53102,23684.53,recharge
12151,3277.3,travel
54451,1332.38,apparel
29719,568.21,groceries
87056,3867.26,travel
18150,1044.39,fuel
79349,1213.1,apparel
50136,835.74,electronics
11696,538.17,electronics
70581,338.69,groceries
50951,1819.46,groceries
79439,585.98,recharge
65626,12678.02,electronics
80852,459.96,electronics
51435,401.05,dining
10714,1649.31,electronics
21757,3727.34,groceries
51300,1154.79,dining
45772,1733.32,electronics
81491,250.93,recharge
47048,637.78,recharge
87415,464.57,travel
26894,240.8,apparel
44638,1204.22,fuel
78066,182.32,apparel
21168,380.79,groceries
38925,713.54,travel
77666,563.95,fuel
63008,1505.87,apparel
80025,1400.33,travel
56415,2241.81,recharge
87326,2002.01,travel
88967,2731.62,groceries
97709,1094.95,dining
20981,1397.97,recharge
63206,1651.12,electronics
20283,1228.23,groceries
30600,798.11,apparel
37028,840.54,groceries
68152,570.18,travel
48808,1536.55,dining
87825,15224.07,electronics
36868,645.14,apparel
65550,645.62,electronics
78686,416.41,apparel
98226,2399.64,recharge
32073,1167.82,travel
76023,44017.87,electronics
17629,2094.01,travel
58908,700.39,electronics
47241,355.95,travel
96268,2482.39,apparel
79603,62498.82,groceries
93451,790.67,recharge
86549,1133.36,travel
46959,2735.51,groceries
76000,1114.35,apparel
12742,420.19,groceries
60209,1694.43,travel
14256,743.98,apparel
75176,4965.85,dining
97004,1095.65,apparel
71324,183.46,groceries
85593,1459.56,electronics
31092,5196.18,travel
99450,3868.94,dining
59567,4744.6,dining
70699,485.02,fuel
79354,2274.97,fuel
67562,615.48,groceries
38540,1312.16,electronics
65028,396.09,dining
68856,654.87,groceries
87159,638.42,dining
53332,2250.36,groceries
55161,2080.94,travel
55283,1368.48,travel
20297,372.29,fuel
18104,854.65,travel
11838,603.72,electronics
69958,2198.96,travel
47696,2814.52,dining
87910,2553.21,dining
73200,599.34,apparel
22728,122.53,dining
19006,266.78,apparel
42949,3419.68,fuel
92884,795.52,fuel
14380,601.5,electronics
26865,4081.13,apparel
12666,3017.33,groceries
47229,1118.29,apparel
99068,867.21,apparel
71533,-2599.43,apparel
54411,1315.18,travel
22995,3944.34,apparel
41996,1537.59,electronics
57208,1960.24,electronics
34738,2794.52,fuel
73454,40545.13,apparel
98200,2005.98,fuel
28534,866.4,recharge
32702,146.51,groceries
21360,199.83,fuel
75313,485.66,dining
51554,1677.36,electronics
35537,13801.72,electronics
29726,1270.92,apparel
16343,5222.62,electronics
52853,397.31,dining
71494,1072.83,electronics
31152,1399.05,groceries
10146,608.49,apparel
52598,1121.77,apparel
70816,304.92,dining
41049,3387.76,dining
32533,68326.77,groceries
23886,5569.83,fuel
77148,1068.51,groceries
87540,2496.0,travel
79276,1050.85,groceries
56636,1069.99,recharge
75168,687.3,electronics
45722,1206.28,dining
12203,1414.31,apparel
43081,585.57,groceries
73335,992.24,travel
68260,673.12,apparel
99112,6903.14,recharge
99773,1020.67,travel
31836,12197.41,fuel
10860,937.77,dining
34681,1349.42,dining
88851,381.04,travel
83216,766.89,fuel
18887,1297.8,apparel
24435,73546.14,fuel
60716,1309.74,travel
69451,3317.53,travel
98409,1830.94,fuel
77951,4031.61,electronics
29066,1046.04,apparel
13344,7421.81,dining
67024,743.73,groceries
59838,593.97,fuel
92956,416.53,recharge
61828,7078.52,groceries
55111,2112.35,fuel
37309,839.41,travel
